,full_filename,basename,experiment
0,/global/cfs/cdirs/metatlas/raw_data/jgi/20240112_JGI_MdR_109570-002_OMTSoil50g_Pilot_QEHF_C18_USDAY86082_CORRECTED/20240112_JGI_MdR_109570-002_OMTSoil50g_Pilot_QEHF_C18_USDAY86082_NEG_MS2_11_ExCtrl_1_Rg80to1200-CE102040-S1_Run18.h5,20240112_JGI_MdR_109570-002_OMTSoil50g_Pilot_QEHF_C18_USDAY86082_NEG_MS2_11_ExCtrl_1_Rg80to1200-CE102040-S1_Run18.h5,20240112_JGI_MdR_109570-002_OMTSoil50g_Pilot_QEHF_C18_USDAY86082_CORRECTED
1,/global/cfs/cdirs/metatlas/raw_data/jgi/20240112_JGI_MdR_109570-002_OMTSoil50g_Pilot_QEHF_C18_USDAY86082_CORRECTED/20240112_JGI_MdR_109570-002_OMTSoil50g_Pilot_QEHF_C18_USDAY86082_NEG_MS2_11_ExCtrl_2_Rg80to1200-CE102040-S1_Run24.h5,20240112_JGI_MdR_109570-002_OMTSoil50g_Pilot_QEHF_C18_USDAY86082_NEG_MS2_11_ExCtrl_2_Rg80to1200-CE102040-S1_Run24.h5,20240112_JGI_MdR_109570-002_OMTSoil50g_Pilot_QEHF_C18_USDAY86082_CORRECTED
2,/global/cfs/cdirs/metatlas/raw_data/jgi/20220707_JGI_SB_503799_Permafrost_pilot_QE-HF_C18_USDAY63663/20220707_JGI_SB_503799_Permafrost_pilot_QE-HF_C18_USDAY63663_NEG_MSMS_7_ExCtrl-MeOH_1_Rg80to1200-CE102040-soil-S1_Run15.h5,20220707_JGI_SB_503799_Permafrost_pilot_QE-HF_C18_USDAY63663_NEG_MSMS_7_ExCtrl-MeOH_1_Rg80to1200-CE102040-soil-S1_Run15.h5,20220707_JGI_SB_503799_Permafrost_pilot_QE-HF_C18_USDAY63663
3,/global/cfs/cdirs/metatlas/raw_data/jgi/20231005_JGI_TH_Internal_DOM-TargetedMS2_pilot1_EXP120B_C18_USDAY81385/20231005_JGI_TH_Internal_DOM-TargetedMS2_pilot1_EXP120B_C18_USDAY81385_NEG_MS2_4_ExCtrl_1_Rg175to1750-CE102040-S1_Run23.h5,20231005_JGI_TH_Internal_DOM-TargetedMS2_pilot1_EXP120B_C18_USDAY81385_NEG_MS2_4_ExCtrl_1_Rg175to1750-CE102040-S1_Run23.h5,20231005_JGI_TH_Internal_DOM-TargetedMS2_pilot1_EXP120B_C18_USDAY81385
4,/global/cfs/cdirs/metatlas/raw_data/jgi/20231005_JGI_TH_Internal_DOM-TargetedMS2_pilot1_EXP120B_C18_USDAY81385/20231005_JGI_TH_Internal_DOM-TargetedMS2_pilot1_EXP120B_C18_USDAY81385_NEG_MS2_4_ExCtrl-Wide_1_Rg175to1750-CE102040-S1_Run35.h5,20231005_JGI_TH_Internal_DOM-TargetedMS2_pilot1_EXP120B_C18_USDAY81385_NEG_MS2_4_ExCtrl-Wide_1_Rg175to1750-CE102040-S1_Run35.h5,20231005_JGI_TH_Internal_DOM-TargetedMS2_pilot1_EXP120B_C18_USDAY81385
5,/global/cfs/cdirs/metatlas/raw_data/akuftin/20210920_JGI-AK-TH_NB_504882_SoilWetDry_final_QE-HF_C18_USDAY63680/20210920_JGI-AK-TH_NB_504882_SoilWetDry_final_QE-HF_C18_USDAY63680_NEG_MSMS_64_ExCtrl_3_Rg80to1200-CE205060-ExCtrl-S1_Run138.h5,20210920_JGI-AK-TH_NB_504882_SoilWetDry_final_QE-HF_C18_USDAY63680_NEG_MSMS_64_ExCtrl_3_Rg80to1200-CE205060-ExCtrl-S1_Run138.h5,20210920_JGI-AK-TH_NB_504882_SoilWetDry_final_QE-HF_C18_USDAY63680
6,/global/cfs/cdirs/metatlas/raw_data/akuftin/20210920_JGI-AK-TH_NB_504882_SoilWetDry_final_QE-HF_C18_USDAY63680/20210920_JGI-AK-TH_NB_504882_SoilWetDry_final_QE-HF_C18_USDAY63680_NEG_MSMS_66_ExCtrl_5_Rg80to1200-CE102040-ExCtrl-S1_Run209.h5,20210920_JGI-AK-TH_NB_504882_SoilWetDry_final_QE-HF_C18_USDAY63680_NEG_MSMS_66_ExCtrl_5_Rg80to1200-CE102040-ExCtrl-S1_Run209.h5,20210920_JGI-AK-TH_NB_504882_SoilWetDry_final_QE-HF_C18_USDAY63680
7,/global/cfs/cdirs/metatlas/raw_data/akuftin/20210920_JGI-AK-TH_NB_504882_SoilWetDry_final_QE-HF_C18_USDAY63680/20210920_JGI-AK-TH_NB_504882_SoilWetDry_final_QE-HF_C18_USDAY63680_NEG_MSMS_63_ExCtrl_2_Rg80to1200-CE102040-ExCtrl-S1_Run88.h5,20210920_JGI-AK-TH_NB_504882_SoilWetDry_final_QE-HF_C18_USDAY63680_NEG_MSMS_63_ExCtrl_2_Rg80to1200-CE102040-ExCtrl-S1_Run88.h5,20210920_JGI-AK-TH_NB_504882_SoilWetDry_final_QE-HF_C18_USDAY63680
8,/global/cfs/cdirs/metatlas/raw_data/akuftin/20210920_JGI-AK-TH_NB_504882_SoilWetDry_final_QE-HF_C18_USDAY63680/20210920_JGI-AK-TH_NB_504882_SoilWetDry_final_QE-HF_C18_USDAY63680_NEG_MSMS_65_ExCtrl_4_Rg80to1200-CE102040-ExCtrl-S1_Run176.h5,20210920_JGI-AK-TH_NB_504882_SoilWetDry_final_QE-HF_C18_USDAY63680_NEG_MSMS_65_ExCtrl_4_Rg80to1200-CE102040-ExCtrl-S1_Run176.h5,20210920_JGI-AK-TH_NB_504882_SoilWetDry_final_QE-HF_C18_USDAY63680
9,/global/cfs/cdirs/metatlas/raw_data/akuftin/20210920_JGI-AK-TH_NB_504882_SoilWetDry_final_QE-HF_C18_USDAY63680/20210920_JGI-AK-TH_NB_504882_SoilWetDry_final_QE-HF_C18_USDAY63680_NEG_MSMS_62_ExCtrl_1_Rg80to1200-CE102040-ExCtrl-S1_Run17.h5,20210920_JGI-AK-TH_NB_504882_SoilWetDry_final_QE-HF_C18_USDAY63680_NEG_MSMS_62_ExCtrl_1_Rg80to1200-CE102040-ExCtrl-S1_Run17.h5,20210920_JGI-AK-TH_NB_504882_SoilWetDry_final_QE-HF_C18_USDAY63680
10,/global/cfs/cdirs/metatlas/raw_data/akuftin/20181217_KBL_TM_C18_Lakes_Geodes-Mendota_REDO/20181217_KBL_TM_Lakes_GEODES_All3_QE-HF_C18_USDAY46918_NEG_MSMS_75_ExCtrl-JGI_2_Rg80to1200-CE102040-ExCtrl-S1_Run99.h5,20181217_KBL_TM_Lakes_GEODES_All3_QE-HF_C18_USDAY46918_NEG_MSMS_75_ExCtrl-JGI_2_Rg80to1200-CE102040-ExCtrl-S1_Run99.h5,20181217_KBL_TM_C18_Lakes_Geodes-Mendota_REDO
11,/global/cfs/cdirs/metatlas/raw_data/akuftin/20181217_KBL_TM_C18_Lakes_Geodes-Mendota_REDO/20181217_KBL_TM_Lakes_Mendota_DepthDate_QE-HF_C18_USDAY46918_NEG_MSMS_35_ExCtrl-JGI_3_Rg80to1200-CE102040-ExCtrl-S1_Run90.h5,20181217_KBL_TM_Lakes_Mendota_DepthDate_QE-HF_C18_USDAY46918_NEG_MSMS_35_ExCtrl-JGI_3_Rg80to1200-CE102040-ExCtrl-S1_Run90.h5,20181217_KBL_TM_C18_Lakes_Geodes-Mendota_REDO
12,/global/cfs/cdirs/metatlas/raw_data/akuftin/20181217_KBL_TM_C18_Lakes_Geodes-Mendota_REDO/20181217_KBL_TM_Lakes_Mendota_DepthDate_QE-HF_C18_USDAY46918_NEG_MSMS_34_ExCtrl-JGI_2_Rg80to1200-CE102040-ExCtrl-S1_Run49.h5,20181217_KBL_TM_Lakes_Mendota_DepthDate_QE-HF_C18_USDAY46918_NEG_MSMS_34_ExCtrl-JGI_2_Rg80to1200-CE102040-ExCtrl-S1_Run49.h5,20181217_KBL_TM_C18_Lakes_Geodes-Mendota_REDO
13,/global/cfs/cdirs/metatlas/raw_data/akuftin/20181217_KBL_TM_C18_Lakes_Geodes-Mendota_REDO/20181217_KBL_TM_Lakes_GEODES_All3_QE-HF_C18_USDAY46918_NEG_MSMS_73_ExCtrl-User_1_Rg80to1200-CE102040-ExCtrl-S1_Run13.h5,20181217_KBL_TM_Lakes_GEODES_All3_QE-HF_C18_USDAY46918_NEG_MSMS_73_ExCtrl-User_1_Rg80to1200-CE102040-ExCtrl-S1_Run13.h5,20181217_KBL_TM_C18_Lakes_Geodes-Mendota_REDO
14,/global/cfs/cdirs/metatlas/raw_data/akuftin/20181217_KBL_TM_C18_Lakes_Geodes-Mendota_REDO/20181217_KBL_TM_Lakes_Mendota_DepthDate_QE-HF_C18_USDAY46918_NEG_MSMS_33_ExCtrl-JGI_1_Rg80to1200-CE102040-ExCtrl-S1_Run13.h5,20181217_KBL_TM_Lakes_Mendota_DepthDate_QE-HF_C18_USDAY46918_NEG_MSMS_33_ExCtrl-JGI_1_Rg80to1200-CE102040-ExCtrl-S1_Run13.h5,20181217_KBL_TM_C18_Lakes_Geodes-Mendota_REDO
15,/global/cfs/cdirs/metatlas/raw_data/akuftin/20181217_KBL_TM_C18_Lakes_Geodes-Mendota_REDO/20181217_KBL_TM_Lakes_GEODES_All3_QE-HF_C18_USDAY46918_NEG_MSMS_76_ExCtrl-JGI_3_Rg80to1200-CE102040-ExCtrl-S1_Run196.h5,20181217_KBL_TM_Lakes_GEODES_All3_QE-HF_C18_USDAY46918_NEG_MSMS_76_ExCtrl-JGI_3_Rg80to1200-CE102040-ExCtrl-S1_Run196.h5,20181217_KBL_TM_C18_Lakes_Geodes-Mendota_REDO
16,/global/cfs/cdirs/metatlas/raw_data/akuftin/20181217_KBL_TM_C18_Lakes_Geodes-Mendota_REDO/20181217_KBL_TM_Lakes_GEODES_All3_QE-HF_C18_USDAY46918_NEG_MSMS_74_ExCtrl-JGI_1_Rg80to1200-CE102040-ExCtrl-S1_Run16.h5,20181217_KBL_TM_Lakes_GEODES_All3_QE-HF_C18_USDAY46918_NEG_MSMS_74_ExCtrl-JGI_1_Rg80to1200-CE102040-ExCtrl-S1_Run16.h5,20181217_KBL_TM_C18_Lakes_Geodes-Mendota_REDO
17,/global/cfs/cdirs/metatlas/raw_data/egsb/20230223_EB_MdR_101544-059_SynDAC_20230223_QE144_C18-EP_USDAY72350/20230223_EB_MdR_101544-059_SynDAC_20230223_QE144_C18-EP_USDAY72350_NEG_MS2_2_ExCtrl-NA-NA_2__45.h5,20230223_EB_MdR_101544-059_SynDAC_20230223_QE144_C18-EP_USDAY72350_NEG_MS2_2_ExCtrl-NA-NA_2__45.h5,20230223_EB_MdR_101544-059_SynDAC_20230223_QE144_C18-EP_USDAY72350
18,/global/cfs/cdirs/metatlas/raw_data/egsb/20230223_EB_MdR_101544-059_SynDAC_20230223_QE144_C18-EP_USDAY72350/20230223_EB_MdR_101544-059_SynDAC_20230223_QE144_C18-EP_USDAY72350_NEG_MS2_1_ExCtrl-NA-NA_1__111.h5,20230223_EB_MdR_101544-059_SynDAC_20230223_QE144_C18-EP_USDAY72350_NEG_MS2_1_ExCtrl-NA-NA_1__111.h5,20230223_EB_MdR_101544-059_SynDAC_20230223_QE144_C18-EP_USDAY72350
19,/global/cfs/cdirs/metatlas/raw_data/egsb/20230213_EB_MdR_101544-059_DAC-FA2_20230206_QE144_C18-EP_USDAY72350/20230213_EB_MdR_101544-059_DAC-FA2_20230206_QE144_C18-EP_USDAY72350_NEG_MS2_1_ExCtrl-NA-NA_1__12.h5,20230213_EB_MdR_101544-059_DAC-FA2_20230206_QE144_C18-EP_USDAY72350_NEG_MS2_1_ExCtrl-NA-NA_1__12.h5,20230213_EB_MdR_101544-059_DAC-FA2_20230206_QE144_C18-EP_USDAY72350
20,/global/cfs/cdirs/metatlas/raw_data/egsb/20230213_EB_MdR_101544-059_DAC-FA2_20230206_QE144_C18-EP_USDAY72350/20230213_EB_MdR_101544-059_DAC-FA2_20230206_QE144_C18-EP_USDAY72350_NEG_MS2_2_ExCtrl-NA-NA_2__63.h5,20230213_EB_MdR_101544-059_DAC-FA2_20230206_QE144_C18-EP_USDAY72350_NEG_MS2_2_ExCtrl-NA-NA_2__63.h5,20230213_EB_MdR_101544-059_DAC-FA2_20230206_QE144_C18-EP_USDAY72350
21,/global/cfs/cdirs/metatlas/raw_data/egsb/20221110_EB_MdR_101544-059_HumicAcid_20221110_EXP120A_C18-EP_USDAY63672/20221110_EB_MdR_101544-059_HumicAcid_20221110_EXP120A_C18-EP_USDAY63672_NEG_MS2_5_ExCtrl-H2O-filtr-NA-NA_1__033.h5,20221110_EB_MdR_101544-059_HumicAcid_20221110_EXP120A_C18-EP_USDAY63672_NEG_MS2_5_ExCtrl-H2O-filtr-NA-NA_1__033.h5,20221110_EB_MdR_101544-059_HumicAcid_20221110_EXP120A_C18-EP_USDAY63672
22,/global/cfs/cdirs/metatlas/raw_data/egsb/20221110_EB_MdR_101544-059_HumicAcid_20221110_EXP120A_C18-EP_USDAY63672/20221110_EB_MdR_101544-059_HumicAcid_20221110_EXP120A_C18-EP_USDAY63672_NEG_MS2_6_ExCtrl-H2O-filtr-NA-NA_2__081.h5,20221110_EB_MdR_101544-059_HumicAcid_20221110_EXP120A_C18-EP_USDAY63672_NEG_MS2_6_ExCtrl-H2O-filtr-NA-NA_2__081.h5,20221110_EB_MdR_101544-059_HumicAcid_20221110_EXP120A_C18-EP_USDAY63672
23,/global/cfs/cdirs/metatlas/raw_data/egsb/20221110_EB_MdR_101544-059_HumicAcid_20221110_EXP120A_C18-EP_USDAY63672/20221110_EB_MdR_101544-059_HumicAcid_20221110_EXP120A_C18-EP_USDAY63672_NEG_MS2_8_ExCtrl-KOH-filtr-NA-NA_2__072.h5,20221110_EB_MdR_101544-059_HumicAcid_20221110_EXP120A_C18-EP_USDAY63672_NEG_MS2_8_ExCtrl-KOH-filtr-NA-NA_2__072.h5,20221110_EB_MdR_101544-059_HumicAcid_20221110_EXP120A_C18-EP_USDAY63672
24,/global/cfs/cdirs/metatlas/raw_data/egsb/20221110_EB_MdR_101544-059_HumicAcid_20221110_EXP120A_C18-EP_USDAY63672/20221110_EB_MdR_101544-059_HumicAcid_20221110_EXP120A_C18-EP_USDAY63672_NEG_MS2_4_ExCtrl-KOH-nonfiltr-NA-NA_2__063.h5,20221110_EB_MdR_101544-059_HumicAcid_20221110_EXP120A_C18-EP_USDAY63672_NEG_MS2_4_ExCtrl-KOH-nonfiltr-NA-NA_2__063.h5,20221110_EB_MdR_101544-059_HumicAcid_20221110_EXP120A_C18-EP_USDAY63672
25,/global/cfs/cdirs/metatlas/raw_data/egsb/20221110_EB_MdR_101544-059_HumicAcid_20221110_EXP120A_C18-EP_USDAY63672/20221110_EB_MdR_101544-059_HumicAcid_20221110_EXP120A_C18-EP_USDAY63672_NEG_MS2_7_ExCtrl-KOH-filtr-NA-NA_1__048.h5,20221110_EB_MdR_101544-059_HumicAcid_20221110_EXP120A_C18-EP_USDAY63672_NEG_MS2_7_ExCtrl-KOH-filtr-NA-NA_1__048.h5,20221110_EB_MdR_101544-059_HumicAcid_20221110_EXP120A_C18-EP_USDAY63672
26,/global/cfs/cdirs/metatlas/raw_data/egsb/20221110_EB_MdR_101544-059_HumicAcid_20221110_EXP120A_C18-EP_USDAY63672/20221110_EB_MdR_101544-059_HumicAcid_20221110_EXP120A_C18-EP_USDAY63672_NEG_MS2_3_ExCtrl-KOH-nonfiltr-NA-NA_1__036.h5,20221110_EB_MdR_101544-059_HumicAcid_20221110_EXP120A_C18-EP_USDAY63672_NEG_MS2_3_ExCtrl-KOH-nonfiltr-NA-NA_1__036.h5,20221110_EB_MdR_101544-059_HumicAcid_20221110_EXP120A_C18-EP_USDAY63672
27,/global/cfs/cdirs/metatlas/raw_data/egsb/20221110_EB_MdR_101544-059_HumicAcid_20221110_EXP120A_C18-EP_USDAY63672/20221110_EB_MdR_101544-059_HumicAcid_20221110_EXP120A_C18-EP_USDAY63672_NEG_MS2_2_ExCtrl-H2O-nonfiltr-NA-NA_2__120.h5,20221110_EB_MdR_101544-059_HumicAcid_20221110_EXP120A_C18-EP_USDAY63672_NEG_MS2_2_ExCtrl-H2O-nonfiltr-NA-NA_2__120.h5,20221110_EB_MdR_101544-059_HumicAcid_20221110_EXP120A_C18-EP_USDAY63672
28,/global/cfs/cdirs/metatlas/raw_data/egsb/20221110_EB_MdR_101544-059_HumicAcid_20221110_EXP120A_C18-EP_USDAY63672/20221110_EB_MdR_101544-059_HumicAcid_20221110_EXP120A_C18-EP_USDAY63672_NEG_MS2_1_ExCtrl-H2O-nonfiltr-NA-NA_1__030.h5,20221110_EB_MdR_101544-059_HumicAcid_20221110_EXP120A_C18-EP_USDAY63672_NEG_MS2_1_ExCtrl-H2O-nonfiltr-NA-NA_1__030.h5,20221110_EB_MdR_101544-059_HumicAcid_20221110_EXP120A_C18-EP_USDAY63672
29,/global/cfs/cdirs/metatlas/raw_data/egsb/20230403_EB_BGS_107002-011_BIODESERT_Metagenome_EXP120A_C18-EP_USDAY72349/20230403_EB_BGS_107002-011_BIODESERT_Metagenome_EXP120A_C18-EP_USDAY72349_NEG_MS2_742_ExCtrl-NA-NA-NA_3__659.h5,20230403_EB_BGS_107002-011_BIODESERT_Metagenome_EXP120A_C18-EP_USDAY72349_NEG_MS2_742_ExCtrl-NA-NA-NA_3__659.h5,20230403_EB_BGS_107002-011_BIODESERT_Metagenome_EXP120A_C18-EP_USDAY72349
30,/global/cfs/cdirs/metatlas/raw_data/egsb/20230403_EB_BGS_107002-011_BIODESERT_Metagenome_EXP120A_C18-EP_USDAY72349/20230403_EB_BGS_107002-011_BIODESERT_Metagenome_EXP120A_C18-EP_USDAY72349_NEG_MS2_741_ExCtrl-NA-NA-NA_2__267.h5,20230403_EB_BGS_107002-011_BIODESERT_Metagenome_EXP120A_C18-EP_USDAY72349_NEG_MS2_741_ExCtrl-NA-NA-NA_2__267.h5,20230403_EB_BGS_107002-011_BIODESERT_Metagenome_EXP120A_C18-EP_USDAY72349
31,/global/cfs/cdirs/metatlas/raw_data/egsb/20230403_EB_BGS_107002-011_BIODESERT_Metagenome_EXP120A_C18-EP_USDAY72349/20230403_EB_BGS_107002-011_BIODESERT_Metagenome_EXP120A_C18-EP_USDAY72349_NEG_MS2_740_ExCtrl-NA-NA-NA_1__397.h5,20230403_EB_BGS_107002-011_BIODESERT_Metagenome_EXP120A_C18-EP_USDAY72349_NEG_MS2_740_ExCtrl-NA-NA-NA_1__397.h5,20230403_EB_BGS_107002-011_BIODESERT_Metagenome_EXP120A_C18-EP_USDAY72349
32,/global/cfs/cdirs/metatlas/raw_data/egsb/20240212_EB_MdR_109570-002_SacRDelta_20240131_QE144_C18-EP_USDAY72369/20240212_EB_MdR_109570-002_SacRDelta_20240131_QE144_C18-EP_USDAY72369_NEG_MS2_1_ExCtrl-NA-NA-NA-NA_1_6uL_25.h5,20240212_EB_MdR_109570-002_SacRDelta_20240131_QE144_C18-EP_USDAY72369_NEG_MS2_1_ExCtrl-NA-NA-NA-NA_1_6uL_25.h5,20240212_EB_MdR_109570-002_SacRDelta_20240131_QE144_C18-EP_USDAY72369
33,/global/cfs/cdirs/metatlas/raw_data/egsb/20240212_EB_MdR_109570-002_SacRDelta_20240131_QE144_C18-EP_USDAY72369/20240212_EB_MdR_109570-002_SacRDelta_20240131_QE144_C18-EP_USDAY72369_NEG_MS2_2_ExCtrl-NA-NA-NA-NA_2_6uL_17.h5,20240212_EB_MdR_109570-002_SacRDelta_20240131_QE144_C18-EP_USDAY72369_NEG_MS2_2_ExCtrl-NA-NA-NA-NA_2_6uL_17.h5,20240212_EB_MdR_109570-002_SacRDelta_20240131_QE144_C18-EP_USDAY72369
34,/global/cfs/cdirs/metatlas/raw_data/egsb/20221219_EB_MdR_101544-059_PyrToDAC_20221219_EXP120A_C18-EP_USDAY63672/20221219_EB_MdR_101544-059_PyrToDAC_20221219_EXP120A_C18-EP_USDAY63672_NEG_MS2_1_ExCtrl-NA-NA_1__24.h5,20221219_EB_MdR_101544-059_PyrToDAC_20221219_EXP120A_C18-EP_USDAY63672_NEG_MS2_1_ExCtrl-NA-NA_1__24.h5,20221219_EB_MdR_101544-059_PyrToDAC_20221219_EXP120A_C18-EP_USDAY63672
35,/global/cfs/cdirs/metatlas/raw_data/egsb/20230113_EB_MdR_101544-059_FRCgwater_20230105_EXP120A_C18-EP_USDAY72349/20230113_EB_MdR_101544-059_FRCgwater_20230105_EXP120A_C18-EP_USDAY72349_NEG_MS2_1_ExCtrl-NA-NA-NA-NA_1__27.h5,20230113_EB_MdR_101544-059_FRCgwater_20230105_EXP120A_C18-EP_USDAY72349_NEG_MS2_1_ExCtrl-NA-NA-NA-NA_1__27.h5,20230113_EB_MdR_101544-059_FRCgwater_20230105_EXP120A_C18-EP_USDAY72349
36,/global/cfs/cdirs/metatlas/raw_data/egsb/20230113_EB_MdR_101544-059_FRCgwater_20230105_EXP120A_C18-EP_USDAY72349/20230113_EB_MdR_101544-059_FRCgwater_20230105_EXP120A_C18-EP_USDAY72349_NEG_MS2_2_ExCtrl-NA-NA-NA-NA_2__39.h5,20230113_EB_MdR_101544-059_FRCgwater_20230105_EXP120A_C18-EP_USDAY72349_NEG_MS2_2_ExCtrl-NA-NA-NA-NA_2__39.h5,20230113_EB_MdR_101544-059_FRCgwater_20230105_EXP120A_C18-EP_USDAY72349
37,/global/cfs/cdirs/metatlas/raw_data/egsb/20230919_EB_SMK_107002-011_CenturyExpPilot_20230414_QE144_C18-EP_USDAY72369/20230919_EB_SMK_107002-011_CenturyExpPilot_20230414_QE144_C18-EP_USDAY72369_NEG_MS2_17_ExCtrl-NA-NA-NA-Pilot_1__21.h5,20230919_EB_SMK_107002-011_CenturyExpPilot_20230414_QE144_C18-EP_USDAY72369_NEG_MS2_17_ExCtrl-NA-NA-NA-Pilot_1__21.h5,20230919_EB_SMK_107002-011_CenturyExpPilot_20230414_QE144_C18-EP_USDAY72369
38,/global/cfs/cdirs/metatlas/raw_data/egsb/20231016_EB_SMK_109570-002_SoilExTestDirSolv_20230414-rerun_QE144_C18-EP_USDAY72369/20231016_EB_SMK_109570-002_SoilExTestDirSolv_20230414-rerun_QE144_C18-EP_USDAY72369_NEG_MS2_29_ExCtrl-NA-NA-NA-MeOH_1__095.h5,20231016_EB_SMK_109570-002_SoilExTestDirSolv_20230414-rerun_QE144_C18-EP_USDAY72369_NEG_MS2_29_ExCtrl-NA-NA-NA-MeOH_1__095.h5,20231016_EB_SMK_109570-002_SoilExTestDirSolv_20230414-rerun_QE144_C18-EP_USDAY72369
39,/global/cfs/cdirs/metatlas/raw_data/egsb/20231016_EB_SMK_109570-002_SoilExTestDirSolv_20230414-rerun_QE144_C18-EP_USDAY72369/20231016_EB_SMK_109570-002_SoilExTestDirSolv_20230414-rerun_QE144_C18-EP_USDAY72369_NEG_MS2_27_ExCtrl-NA-NA-NA-ACN_1__054.h5,20231016_EB_SMK_109570-002_SoilExTestDirSolv_20230414-rerun_QE144_C18-EP_USDAY72369_NEG_MS2_27_ExCtrl-NA-NA-NA-ACN_1__054.h5,20231016_EB_SMK_109570-002_SoilExTestDirSolv_20230414-rerun_QE144_C18-EP_USDAY72369
40,/global/cfs/cdirs/metatlas/raw_data/egsb/20231016_EB_SMK_109570-002_SoilExTestDirSolv_20230414-rerun_QE144_C18-EP_USDAY72369/20231016_EB_SMK_109570-002_SoilExTestDirSolv_20230414-rerun_QE144_C18-EP_USDAY72369_NEG_MS2_30_ExCtrl-NA-NA-NA-MeOH_1__015.h5,20231016_EB_SMK_109570-002_SoilExTestDirSolv_20230414-rerun_QE144_C18-EP_USDAY72369_NEG_MS2_30_ExCtrl-NA-NA-NA-MeOH_1__015.h5,20231016_EB_SMK_109570-002_SoilExTestDirSolv_20230414-rerun_QE144_C18-EP_USDAY72369
41,/global/cfs/cdirs/metatlas/raw_data/egsb/20231016_EB_SMK_109570-002_SoilExTestDirSolv_20230414-rerun_QE144_C18-EP_USDAY72369/20231016_EB_SMK_109570-002_SoilExTestDirSolv_20230414-rerun_QE144_C18-EP_USDAY72369_NEG_MS2_26_ExCtrl-NA-NA-NA-water_1__018.h5,20231016_EB_SMK_109570-002_SoilExTestDirSolv_20230414-rerun_QE144_C18-EP_USDAY72369_NEG_MS2_26_ExCtrl-NA-NA-NA-water_1__018.h5,20231016_EB_SMK_109570-002_SoilExTestDirSolv_20230414-rerun_QE144_C18-EP_USDAY72369
42,/global/cfs/cdirs/metatlas/raw_data/egsb/20231016_EB_SMK_109570-002_SoilExTestDirSolv_20230414-rerun_QE144_C18-EP_USDAY72369/20231016_EB_SMK_109570-002_SoilExTestDirSolv_20230414-rerun_QE144_C18-EP_USDAY72369_NEG_MS2_28_ExCtrl-NA-NA-NA-ACN_1__089.h5,20231016_EB_SMK_109570-002_SoilExTestDirSolv_20230414-rerun_QE144_C18-EP_USDAY72369_NEG_MS2_28_ExCtrl-NA-NA-NA-ACN_1__089.h5,20231016_EB_SMK_109570-002_SoilExTestDirSolv_20230414-rerun_QE144_C18-EP_USDAY72369
43,/global/cfs/cdirs/metatlas/raw_data/egsb/20231016_EB_SMK_109570-002_SoilExTestDirSolv_20230414-rerun_QE144_C18-EP_USDAY72369/20231016_EB_SMK_109570-002_SoilExTestDirSolv_20230414-rerun_QE144_C18-EP_USDAY72369_NEG_MS2_31_ExCtrl-NA-NA-NA-ETAC_1__086.h5,20231016_EB_SMK_109570-002_SoilExTestDirSolv_20230414-rerun_QE144_C18-EP_USDAY72369_NEG_MS2_31_ExCtrl-NA-NA-NA-ETAC_1__086.h5,20231016_EB_SMK_109570-002_SoilExTestDirSolv_20230414-rerun_QE144_C18-EP_USDAY72369
44,/global/cfs/cdirs/metatlas/raw_data/egsb/20231016_EB_SMK_109570-002_SoilExTestDirSolv_20230414-rerun_QE144_C18-EP_USDAY72369/20231016_EB_SMK_109570-002_SoilExTestDirSolv_20230414-rerun_QE144_C18-EP_USDAY72369_NEG_MS2_32_ExCtrl-NA-NA-NA-ETAC_1__051.h5,20231016_EB_SMK_109570-002_SoilExTestDirSolv_20230414-rerun_QE144_C18-EP_USDAY72369_NEG_MS2_32_ExCtrl-NA-NA-NA-ETAC_1__051.h5,20231016_EB_SMK_109570-002_SoilExTestDirSolv_20230414-rerun_QE144_C18-EP_USDAY72369
45,/global/cfs/cdirs/metatlas/raw_data/egsb/20231016_EB_SMK_109570-002_SoilExTestDirSolv_20230414-rerun_QE144_C18-EP_USDAY72369/20231016_EB_SMK_109570-002_SoilExTestDirSolv_20230414-rerun_QE144_C18-EP_USDAY72369_NEG_MS2_25_ExCtrl-NA-NA-NA-water_1__045.h5,20231016_EB_SMK_109570-002_SoilExTestDirSolv_20230414-rerun_QE144_C18-EP_USDAY72369_NEG_MS2_25_ExCtrl-NA-NA-NA-water_1__045.h5,20231016_EB_SMK_109570-002_SoilExTestDirSolv_20230414-rerun_QE144_C18-EP_USDAY72369
46,/global/cfs/cdirs/metatlas/raw_data/egsb/20231018_EB_MdR_109570-002_WAVEstab_20231017_EXP120A_C18-EP_USDAY72349_vols/20231018_EB_MdR_109570-002_WAVEstab_20231017_EXP120A_C18-EP_USDAY72349_NEG_MS2_24_ExCtrl-NA-NA-NA-NA_4_6uL_034.h5,20231018_EB_MdR_109570-002_WAVEstab_20231017_EXP120A_C18-EP_USDAY72349_NEG_MS2_24_ExCtrl-NA-NA-NA-NA_4_6uL_034.h5,20231018_EB_MdR_109570-002_WAVEstab_20231017_EXP120A_C18-EP_USDAY72349_vols
47,/global/cfs/cdirs/metatlas/raw_data/egsb/20231018_EB_MdR_109570-002_WAVEstab_20231017_EXP120A_C18-EP_USDAY72349_vols/20231018_EB_MdR_109570-002_WAVEstab_20231017_EXP120A_C18-EP_USDAY72349_NEG_MS2_21_ExCtrl-NA-NA-NA-NA_1_3uL_080.h5,20231018_EB_MdR_109570-002_WAVEstab_20231017_EXP120A_C18-EP_USDAY72349_NEG_MS2_21_ExCtrl-NA-NA-NA-NA_1_3uL_080.h5,20231018_EB_MdR_109570-002_WAVEstab_20231017_EXP120A_C18-EP_USDAY72349_vols
48,/global/cfs/cdirs/metatlas/raw_data/egsb/20231018_EB_MdR_109570-002_WAVEstab_20231017_EXP120A_C18-EP_USDAY72349_vols/20231018_EB_MdR_109570-002_WAVEstab_20231017_EXP120A_C18-EP_USDAY72349_NEG_MS2_21_ExCtrl-NA-NA-NA-NA_1_6uL_082.h5,20231018_EB_MdR_109570-002_WAVEstab_20231017_EXP120A_C18-EP_USDAY72349_NEG_MS2_21_ExCtrl-NA-NA-NA-NA_1_6uL_082.h5,20231018_EB_MdR_109570-002_WAVEstab_20231017_EXP120A_C18-EP_USDAY72349_vols
49,/global/cfs/cdirs/metatlas/raw_data/egsb/20231018_EB_MdR_109570-002_WAVEstab_20231017_EXP120A_C18-EP_USDAY72349_vols/20231018_EB_MdR_109570-002_WAVEstab_20231017_EXP120A_C18-EP_USDAY72349_NEG_MS2_24_ExCtrl-NA-NA-NA-NA_4_3uL_032.h5,20231018_EB_MdR_109570-002_WAVEstab_20231017_EXP120A_C18-EP_USDAY72349_NEG_MS2_24_ExCtrl-NA-NA-NA-NA_4_3uL_032.h5,20231018_EB_MdR_109570-002_WAVEstab_20231017_EXP120A_C18-EP_USDAY72349_vols
50,/global/cfs/cdirs/metatlas/raw_data/egsb/20231018_EB_MdR_109570-002_WAVEstab_20231017_EXP120A_C18-EP_USDAY72349_vols/20231018_EB_MdR_109570-002_WAVEstab_20231017_EXP120A_C18-EP_USDAY72349_NEG_MS2_22_ExCtrl-NA-NA-NA-NA_2_6uL_069.h5,20231018_EB_MdR_109570-002_WAVEstab_20231017_EXP120A_C18-EP_USDAY72349_NEG_MS2_22_ExCtrl-NA-NA-NA-NA_2_6uL_069.h5,20231018_EB_MdR_109570-002_WAVEstab_20231017_EXP120A_C18-EP_USDAY72349_vols
51,/global/cfs/cdirs/metatlas/raw_data/egsb/20231018_EB_MdR_109570-002_WAVEstab_20231017_EXP120A_C18-EP_USDAY72349_vols/20231018_EB_MdR_109570-002_WAVEstab_20231017_EXP120A_C18-EP_USDAY72349_NEG_MS2_23_ExCtrl-NA-NA-NA-NA_3_3uL_027.h5,20231018_EB_MdR_109570-002_WAVEstab_20231017_EXP120A_C18-EP_USDAY72349_NEG_MS2_23_ExCtrl-NA-NA-NA-NA_3_3uL_027.h5,20231018_EB_MdR_109570-002_WAVEstab_20231017_EXP120A_C18-EP_USDAY72349_vols
52,/global/cfs/cdirs/metatlas/raw_data/egsb/20231018_EB_MdR_109570-002_WAVEstab_20231017_EXP120A_C18-EP_USDAY72349_vols/20231018_EB_MdR_109570-002_WAVEstab_20231017_EXP120A_C18-EP_USDAY72349_NEG_MS2_23_ExCtrl-NA-NA-NA-NA_3_6uL_029.h5,20231018_EB_MdR_109570-002_WAVEstab_20231017_EXP120A_C18-EP_USDAY72349_NEG_MS2_23_ExCtrl-NA-NA-NA-NA_3_6uL_029.h5,20231018_EB_MdR_109570-002_WAVEstab_20231017_EXP120A_C18-EP_USDAY72349_vols
53,/global/cfs/cdirs/metatlas/raw_data/egsb/20231018_EB_MdR_109570-002_WAVEstab_20231017_EXP120A_C18-EP_USDAY72349_vols/20231018_EB_MdR_109570-002_WAVEstab_20231017_EXP120A_C18-EP_USDAY72349_NEG_MS2_22_ExCtrl-NA-NA-NA-NA_2_3uL_067.h5,20231018_EB_MdR_109570-002_WAVEstab_20231017_EXP120A_C18-EP_USDAY72349_NEG_MS2_22_ExCtrl-NA-NA-NA-NA_2_3uL_067.h5,20231018_EB_MdR_109570-002_WAVEstab_20231017_EXP120A_C18-EP_USDAY72349_vols
54,/global/cfs/cdirs/metatlas/raw_data/egsb/20230831_EB_MdR_101544-059_FRCgw2_20230830_EXP120A_C18-EP_USDAY72349/20230831_EB_MdR_101544-059_FRCgw2_20230830_EXP120A_C18-EP_USDAY72349_NEG_MS2_1_ExCtrl-NA-NA-NA-NA_1_RegMethod6uL_18.h5,20230831_EB_MdR_101544-059_FRCgw2_20230830_EXP120A_C18-EP_USDAY72349_NEG_MS2_1_ExCtrl-NA-NA-NA-NA_1_RegMethod6uL_18.h5,20230831_EB_MdR_101544-059_FRCgw2_20230830_EXP120A_C18-EP_USDAY72349
55,/global/cfs/cdirs/metatlas/raw_data/egsb/20230831_EB_MdR_101544-059_FRCgw2_20230830_EXP120A_C18-EP_USDAY72349/20230831_EB_MdR_101544-059_FRCgw2_20230830_EXP120A_C18-EP_USDAY72349_NEG_MS2_1_ExCtrl-NA-NA-NA-NA_1_ProfMaxRes6uL_21.h5,20230831_EB_MdR_101544-059_FRCgw2_20230830_EXP120A_C18-EP_USDAY72349_NEG_MS2_1_ExCtrl-NA-NA-NA-NA_1_ProfMaxRes6uL_21.h5,20230831_EB_MdR_101544-059_FRCgw2_20230830_EXP120A_C18-EP_USDAY72349
